PromotionType,TotalRevenue,TotalOrders,AOV,Cost,ROI,IncrementalRevenue
10% Off,426047.851,1384,307.8380426300578,42604.78510000001,-4.173545480306817,-135208.22319354827
B2G1,648251.08,1849,350.59550027041644,479924.9007944317,-0.8577142592789754,68286.46999999997
Control,579964.61,1619,358.2239715873996,0.0,0.0,0.0
